DATE,RS_FILENAME,COMPRESSED_SIZE,NUMBER_OF_OBJECTS,UNCOMPRESSED_SIZE,RS_SHA1_HASH,RC_FILENAME,RC_SHA256_HASH
2005-06,RS_2005-06.zst,17742,103,177496,a757d4c6929de8b0e4bdfdd997d64d01eff1973539f53b55a23294ccaa81fb80,null,null
2005-07,RS_2005-07.zst,99281,1079,1521628,55a305c14a4ad732dc99d167dd826fce4e4c07055d7829b171009cde3fa9f345,null,null
2005-08,RS_2005-08.zst,166220,2069,2853000,0f6a348a32321c8e8dd359151408c0e552fa8d964382e0c3f0413e81b66cfca1,null,null
2005-09,RS_2005-09.zst,200230,2449,3398814,bb9f49222bda0392527aef27a923803d16824894e7038bf514e52dc607248ec6,null,null
2005-10,RS_2005-10.zst,290168,3498,4884767,589cd64887771dbaff98a0102022e80b141812cfa12284d4867efc932231e578,null,null
2005-11,RS_2005-11.zst,310615,3699,5231665,caff7e1a4000c0e1d831323d2af0fd75855eb5658b285a623952e135c3330676,null,null
2005-12,RS_2005-12.zst,443130,5356,7540947,88be89ec0d7dc9e72f6fbaeee9d21a68031c386a2cb4c5133c03ccebfa2eca05,RC_2005-12.bz2,5053a423d666482d432095f3d1b72328680eccf7cd79076dbfc3c96e0eec2c80
2006-01,RS_2006-01.zst,657593,8048,11233076,f271a8b2a7f6f9b5f5beb6343872a2c172eb7c940b9a252a0942582b02c70118,RC_2006-01.bz2,845aa6e57d15d3c2f9a253c2152500f3c9673c10f6407bbb0b6b7a76a6518eb9
2006-02,RS_2006-02.zst,776247,9501,13164343,5f681e54bfde1e95b9dac343d95bfee7df88c026036811a859e5797144543a78,RC_2006-02.bz2,a9a0822937828eb0ead78c2ff56f37f24c21448854d42aec4fa5830a9b7a12c0
2006-03,RS_2006-03.zst,998728,12525,17327843,42c7359f21856a0027a3bc99da818050464efd133eb62e55c10c473c0d91260e,RC_2006-03.bz2,67ed9168c917b1e2e54ca50ffdaa066f55a3ef6362d5f90e23fbe04bff706d80
2006-04,RS_2006-04.zst,991782,12556,17382517,ec758d7d12881227d9af6cc69844cfb577b32413e1508adc923f5a8ab6fe4d2a,RC_2006-04.bz2,1e757b8a7dd4b1f7281329ac77cf4a20f59571d59899983fd7f347b24b081516
2006-05,RS_2006-05.zst,1159385,14701,20390030,112885225d0319422aef814b27a4b68c93801744565f0200e4e878673d1ead90,RC_2006-05.bz2,bca7a0d66794e652aa5e29b959f36d4c5626ed0e005ef950a8e60ddcc0abbe04
2006-06,RS_2006-06.zst,1301070,16942,23394831,4383b294cafc8aa570e12118a62877416e7365928f16a794b1b493be4bd87950,RC_2006-06.bz2,aeebc905abe94bc28334a474d6b4cd735caef37c9c90b86c640acc0346f1b697
2006-07,RS_2006-07.zst,1854328,24026,33394835,342e59a382d4f14f2db495149eea67325481c4c75ccfa1e8ac6a39563868f363,RC_2006-07.bz2,aa95cbaaa38e367f724f8ffacbc26fb90ad1ef8e99d68a312d458075dbc1909b
2006-08,RS_2006-08.zst,3003003,40750,56708636,ede47c9492cf39667a7dc54599d5b20d7d0548edacc4cb8fcbba3c4ab563c1a3,RC_2006-08.bz2,ed76bc5f063c5aff7e76c15880a7640dd3b359578959503cb95e606812d86711
2006-09,RS_2006-09.zst,3864165,54043,74906775,8e63a01a98d46cfc2b705a6586dc328a04beadcf8436cc493f88be132190c9c5,RC_2006-09.bz2,b1f9f5834c0913e5532e313082b3e3ec3cb5a29be7638e9b8c530789e1518cf7
2006-10,RS_2006-10.zst,3006136,38333,53444688,a6763a672fcc9b99c6c33c39b4b5e5d8baae8eca572510f1837c8f9e6d06b6f5,RC_2006-10.bz2,cd2f7744ae8ac30a9c5710fa2efa5158100630352f0a0b4e936823dedef7bb38
2006-11,RS_2006-11.zst,2951166,36824,52018534,96e33aafe7f2a873d95da0a8ba459704cb1e0681aaba93963ae296959608ca7b,RC_2006-11.bz2,5ea720eadddace89979b615efb179ca8336816bc3a2591cb2d9f7b8da1fba37a
2006-12,RS_2006-12.zst,2935578,36434,51527620,977fff905c2d8f388fa162620e4d3aa51a544d8408e5dc3b2958f772103ec845,RC_2006-12.bz2,703dde8974f0808a226352809fb2d4735cfa37a375bee8296cc1b70fecd9a2f5
2007-01,RS_2007-01.zst,3549181,43725,61945200,6a8ca71a95023f1e8ef38d674764deafc6b75df1fbcb35b9ac7d11665693acad,RC_2007-01.bz2,225f2b3b2f2a6d75362a4c4ea63007046780d63b344815ccf20f7f4e84bd14d9
2007-02,RS_2007-02.zst,3901596,47317,67207302,3ac927345b7a2e1298ce000208a7f05d784ce87cc5f0770a2f0917781c78dccb,RC_2007-02.bz2,90f3ffcc831fe601c333b7034e1a2ec3b7dad822ad35f6f3aedaaf42c782c5ab
2007-03,RS_2007-03.zst,4824020,58642,83332441,470ecf9466ac8d9688cdbd2e88b73d3639244da3f84bbacbb46617bc8f230bd4,RC_2007-03.bz2,9f365669f86a67bc2d6099cb903b78cd56f513fea680b168045f05996a3f6557
2007-04,RS_2007-04.zst,5054216,61544,87535403,b5024b505775b8e522588aaca23548bf83365f5309427ef2494aa5af910811a5,RC_2007-04.bz2,84c25e6d8f1425ea7d9ad6022b336ec3e5cfb8b3c3ebdbfb1c2c6d00425ab410
2007-05,RS_2007-05.zst,5449618,65098,92752343,65cbf1650763bfd28ef9412d5e9237d0502ef961e8da4b8e2cc1f1553280ec87,RC_2007-05.bz2,90ee3d1a6c85769b94bf1ebef45f7283630c96a373096078dfe1179f69b24a46
2007-06,RS_2007-06.zst,5265463,62693,89335670,e22610e5e70a1b19adefe0bed837c3def4bec2c168ad3dfea4e4471dc2e9efe0,RC_2007-06.bz2,503c2cd10633b4388817bcb8656dfd1c360b122e5ee037153edae08ab4f15c27
2007-07,RS_2007-07.zst,6131885,73248,104320699,6be4d132a4eac1242cbf0219d3fa47a2960f0dcc35f84954c037ccb0001f62d2,RC_2007-07.bz2,a217b88da41b5ed780bf18865e0f5049e298917c5ff3962916add99275258d9b
2007-08,RS_2007-08.zst,7060489,84952,120819681,e4588cdd144ab7b127f592cf08034495db1ee4b3f698b02b7a9a462338e00323,RC_2007-08.bz2,2aebacf0811229da2e3416158e051b940cca975faa0c3534cc3ac1ce30f00f01
2007-09,RS_2007-09.zst,7732251,91294,130129749,807009b26eb89e7874f7642d24d86fe93b2a2508a817d08cb47c5a0776247608,RC_2007-09.bz2,03c25296f942602b1b88b8ebdd25f8053c1244a5c74e4d07fc04f24e531062e7
2007-10,RS_2007-10.zst,8361224,101633,144566145,dd257c11ad8de8efc9c93668f4f50b2fdfc0db14c2f0d72955de5e40b8ac5d5a,RC_2007-10.bz2,df152ec2498acb5867a0adc7c456126b4b0dfab5e44008984a78bb4da146de5e
2007-11,RS_2007-11.zst,8601796,106868,152036037,42f6688e93a39a515c0a3eb6e1d47ac4cff097976c96dafba873d323bddbf70b,RC_2007-11.bz2,8ce88709037c1d3a42aad016cf57f2bab3efa05946f9aeef64564ac1041b639d
2007-12,RS_2007-12.zst,8938510,111193,158136453,ab944ee53c227af69b04319a390b5ff9f90b2b9fe3fb4c719397fe28f9fc99bc,RC_2007-12.bz2,c4746faaa83e7fe1fb3e435c9f2f09cbddbc24f8cc0e96366b542f68050db936
2008-01,RS_2008-01.zst,11408942,142310,202219766,ef732db2047004f4774eafa5bf981f7fdc3b18c6c2b00c095ff7f476c0ee2bb2,RC_2008-01.bz2,a4bee83ca8aba5044b41dff723b50d56fbcf6486a9be774d46bf07b38fc6f01f
2008-02,RS_2008-02.zst,11973598,147834,210212815,f00c2f3deee48d52a26a67dbf1c7d3e19de60fcb8a2b33ccef930a126f7a3a52,RC_2008-02.bz2,0175bb73888eff092b34c09b9520289c4f2d584c2ee2d1fb0a43c99bb17489c7
2008-03,RS_2008-03.zst,13663731,168227,239138694,ad44aeee7970bb262aef46caf82807ca32bedeb6489b0d11d2945e99d0e8f562,RC_2008-03.bz2,e49c5c5cbf0f35b88cf025204091e2b6fd611da810c9b995dbea227e71d9cba2
2008-04,RS_2008-04.zst,13631636,167472,238076663,d0850e3a9b6d6fee6821391e3accca3041e426f63d97929710593e21c263100a,RC_2008-04.bz2,08ec938ff1c1cac3000edee5318121728f5a67849882f907fcb12ead7821aa53
2008-05,RS_2008-05.zst,14428297,177022,251726408,751ba8e3b8084a7547b51e3e640c169ca7936035d0e7d8c13899dfaecd1adaa1,RC_2008-05.bz2,aacbe603573e5840cbe4de995df466f69ff8bbbf3f56e1ce595fde016dfea393
2008-06,RS_2008-06.zst,15602841,190682,271206560,67e18062c4c8af155f6012f2a6cff7c23eb9edf70effba2fedbdbdf41539cf61,RC_2008-06.bz2,e5f60b00a99ec7c5050bd6725f4492be9230a75189578394623821b6ab824784
2008-07,RS_2008-07.zst,17829522,218092,306440329,443c96a9b52464dd2b1b8d3d5a4368b785fa94a30e2b6df7b243ce10d335c4c8,RC_2008-07.bz2,759554292d20ecb90c87bbe72e8b34598540e7fd877759a6a7bef817b3210558
2008-08,RS_2008-08.zst,17475228,212552,298493973,3c68d1fdc55cc5778e2c54570bb3713be0a26bdf7f821517f4d3645e663a6e38,RC_2008-08.bz2,8e2f176126182e4b07acd396ee6c0327dbc0f6457ee1262394c3bc1debda0711
2008-09,RS_2008-09.zst,21191683,256268,360509506,a9c65d7425cf6107cd78a34e9f458b75b8506562e9f7e3fe770c5e6a43d64da2,RC_2008-09.bz2,760c526b734147f4fd2f43b532a0af1b363db6ba3b200c2b99243a8baa783717
2008-10,RS_2008-10.zst,23661214,282974,397876003,29b871d1a4972db9307e7862381f122d0c5fcefebc7247011121532a6f226835,RC_2008-10.bz2,0c990a39ba32dd5441f12dc79bc4fd7c065b9ccc931fe9b4adcc7e2cbef00cf7
2008-11,RS_2008-11.zst,22545522,272505,382766692,545dbe4326aed14dd84afce64ac7cb2805a534f509f7725a5e42a6149073f418,RC_2008-11.bz2,e27be22b44ea6e452ca7ae2eb4ef85f70a02c11bdb655d7c41780791cfa66c6e
2008-12,RS_2008-12.zst,23350557,283915,398514557,7c08c988a1abf71c5f8e669d099be4cad3c4f9a781e1bd231ff3baf4e9dad907,RC_2008-12.bz2,a171dd8d71f76004524bfdb54cb51c41c1046513a842c508753cc1f757ac4a59
2009-01,RS_2009-01.zst,27378217,331060,465055348,d3aeb7368d68d9b133ca2e0ccfcf414e95a2a2591966eff46d5a18364d58a29f,RC_2009-01.bz2,bc16dad9212fa679272932366ca01c9f0c99bbe411dedd30db7149c5f8b2782c
2009-02,RS_2009-02.zst,27573618,329042,462827109,635ebd924d2f97e391a5657582ab16369b09d9a774d7cc6f7062230cde311df6,RC_2009-02.bz2,c23f20220943b351ee2e92073b8e47c7e12c02469f01a78e08eba8c4dfd8ccc8
2009-03,RS_2009-03.zst,30572289,362805,510921769,adb9484ac07469958fe84c12f9617ffd10b550078a06e437d985935a94803f04,RC_2009-03.bz2,a9e95b5d9f0458434d360d95d633809ef19e616ea70f46f0426cda86fe0a7014
2009-04,RS_2009-04.zst,30207105,357107,503439609,af59f4cf286a748dd31d2e8bad4a3decf8a67f6d274f76b3ee93b885f335a78f,RC_2009-04.bz2,ed6bc15c3d148e3084f492b8b1338de0c8993b0be786d7fedb99fb4685c6fd98
2009-05,RS_2009-05.zst,30255643,355193,501995231,78f97fded48f765c1d800f113a85331954f740705414b2b823e9f46c1ecf7715,RC_2009-05.bz2,93cb4cfb0005749dcb60b26d6c9d8412517e3dc1c85d9b85c7db99a9edfa9215
2009-06,RS_2009-06.zst,33388284,383969,546516739,23985e570bb8fb46e5742ef8d37ec7c98bd4f90ce3496a3008fa3215bd3ea908,RC_2009-06.bz2,47c90f36e17b01722c0c76ac3370660392e7ee07fede3d9e8824d5172f655a17
2009-07,RS_2009-07.zst,38805476,427135,610634988,34fdb6aad246666c283c6fab156c087de37d82c553b25cbe3b8660c8dbe30003,RC_2009-07.bz2,8632f3336ef9c7677d414c6c394916dd096de79546391f5ea3fd631280bd3880
2009-08,RS_2009-08.zst,40840539,435860,628914540,dc2c60647cd9880cb0e2bd6049b6655884752457e6e5063f493d3a46da931bfc,RC_2009-08.bz2,6b88c0b8c1b126d6a9713e05ef923f5db3380d4777e4d6693c9f89524e27a646
2009-09,RS_2009-09.zst,42159627,443037,642899843,c97cf5831d45841afb444a94fc0415da807eddfa3582b2852fbea6bb243d4914,RC_2009-09.bz2,5bf07c7b2a18af52557ae0162a3ddc2521566dafb9c38886885479bd8112a820
2009-10,RS_2009-10.zst,44584880,461702,671796167,d91a30a8de84b71a3a334f39f927505d5589ab1a0cc30291f6f95185282ca471,RC_2009-10.bz2,fed1da35fe5f3d254bc66fbcb1703d39f30841c91a5238333d13bbc850c2d6ce
2009-11,RS_2009-11.zst,43387269,452320,657706662,dbd2303c81fb5ffab09e5dcae9fa972e31f5df9a63485f2e638b0d71257e05ba,RC_2009-11.bz2,ecc8780660a24eaf4e4fbbda4847ee56fdbb55f7b43a93298bc890f6462e6f88
2009-12,RS_2009-12.zst,47616851,492225,717874083,c83a057999f50c4c90f9841ab076811b4298598129ac5a4fc73a1be1aedfb77e,RC_2009-12.bz2,c3fc95511525c603bf9bc8b385df1fd6dd019dd33a283a9a17935ab672c9e33e
2010-01,RS_2010-01.zst,53564091,549007,801049880,1b9ab950e88b5f1178de3973fd5985e4da2e89930ca3b8be1da509fbf28e935c,RC_2010-01.bz2,71ab1ecf2b867d71a6833a6a58124afccce765c10d5304089fac5596b848103b
2010-02,RS_2010-02.zst,49946623,506868,740015542,da3b3d01d646a0faf76c37541000b99132fbd22e35c8ef0a2a3c45cd4b43e2a5,RC_2010-02.bz2,020ca842876100667f666d349922add1955c48792a61ba9b54aff5fbb2cb1c85
2010-03,RS_2010-03.zst,60148071,602586,881968633,0334d0c32cef02b04c148628e09ddb8531ea4391f734b52092f46b94294e48c3,RC_2010-03.bz2,66e76e4e532c0399947568a1e18ad85e272becbb14ea7142f64e80631fc21a17
2010-04,RS_2010-04.zst,61274377,617302,903405387,7a4723d58fd2e02c5f6fcc037608d433db247c792b4a25735240909f812879b6,RC_2010-04.bz2,987460ba6834e5ee67c412a2d2d8ff9e89d85b33d022a3916a613f945568f628
2010-05,RS_2010-05.zst,53948499,515637,758602110,ec52e6ac131f34a6a0883d3a401d48d6c84671f533a4c5f78362e24a501dd01d,RC_2010-05.bz2,d5c4dc2539104fb08eb0d51402d8cb98acac89745d87d39024026cb4a103427a
2010-06,RS_2010-06.zst,51689085,478396,703881665,2c7d6fa19ccc57a798b637bc4e01603cbd0028fb3b9cb9d20408b862af297c01,RC_2010-06.bz2,caf6f326ee9f1067913c186575b03a0aca351c395a61ccc933888af8de924bcd
2010-07,RS_2010-07.zst,56291052,504098,746817337,d261f5caaff1ac0cf8ba3c6b5b50adc3f8be27779ec2f277c23075d745bc2d32,RC_2010-07.bz2,09e0dfd5697641de8e625cff371e5d77374a6e044ece8a1b89bd68a07d1a6b53
2010-08,RS_2010-08.zst,60209778,537480,797563407,81cd048796e9945e09f6318055b28fda1afe2c54f3d56d6adf25251d3f2aae7c,RC_2010-08.bz2,8930a35fdd82bd1b91b0f67e9750da17dd4ee7197f40eac388959795b500dd73
2010-09,RS_2010-09.zst,68662444,600209,895058074,563200613e422a0d0f726defd357c7afc7cfab23273778a25305aa29881c563c,RC_2010-09.bz2,1e71171b3a6ad4ff22985992956a464f2292e1b29ed7071d7337ee1ce068b611
2010-10,RS_2010-10.zst,73342912,630298,948180969,f436d9132aa3c913eb961035df15526cec69c65f5f732ca24d49d3280d2a2371,RC_2010-10.bz2,9df64db55fed48802b49e8ef4fae5cacaef4ad8f1ca1c14e774d3a1569f236b6
2010-11,RS_2010-11.zst,80300226,674615,1034520234,8f6062ddd2ddfc41775bb3249e97d8cd9cc7d5d18dbe6cf40aa4f8a8e511c84e,RC_2010-11.bz2,b2cb394061a6073f493acd2b5ad6930501ed6f7de3bcca78c5084071580c2119
2010-12,RS_2010-12.zst,87301279,729840,1120467970,d8c8fc9ebf1935e1d64bb060546273b0173a25acf085e189ddd80cee10f26e52,RC_2010-12.bz2,2c70d868ced7a33541d9a7cf4d779285c6948b907fca7de6d0bf2bf0f1a49f3a
2011-01,RS_2011-01.zst,123638415,837996,1071792096,d800f556042a32a4499b391c2fb03dfc4d694cef74a0d4826be165c2427edfd9,RC_2011-01.bz2,85939596d47a197eabf6953079ce50340357fe104f8fcb7a4071afc1d89fd0e1
2011-02,RS_2011-02.zst,119691628,822302,1041142374,976d210793c0b339d9ed8ebc2f4dc3c944c7b76a2db00e501800501715969311,RC_2011-02.bz2,5d3249667058c6e6a3d58c561ad948b6c9ab2a07dd1bd473df3ea0e66d4788df
2011-03,RS_2011-03.zst,142124078,976817,1245806272,7d2259c1e4646a849959f563c3aea41b23fbd9bd368fe8fe8cea2a6cf354a6fc,RC_2011-03.bz2,9e364497d7e202505a0b3a736581808052a205330a56d8c6d11cfb7dba5e760b
2011-04,RS_2011-04.zst,139367916,971371,1225163170,6c5847550ba15588f1f05c41a3bba89ca255d9b96a2cc4e0a806df3f8cee4348,RC_2011-04.bz2,b378dc567a83dddaea97808ae3047773da1aca82cd80e113f3fee67ee2becfc2
2011-05,RS_2011-05.zst,151966023,1081578,1350096885,4bb3117855d238461f449cad45289319533743ff0cd71c297f09fece0e7a16c7,RC_2011-05.bz2,730e7bb6616f1cefb9e8cc1f5a576780a4312e609b0827499d3be756f147c568
2011-06,RS_2011-06.zst,162700665,1153048,1444401474,ad2c07691a030e18b80d73dd0707bf53fd64ab857bb16b975013eea72a64efc7,RC_2011-06.bz2,5ee93d6cb18a56f4dc9c5315efe0da495e0ee9fdd8a5aa4ea4d82298b12ad4a2
2011-07,RS_2011-07.zst,180490212,1264991,1600156061,3def8e1e6ad7c8370a60e01b882ea9f4e0583c46f6de7341a9a9445d04519d2c,RC_2011-07.bz2,0e5dd69b67755fb06ad6c02cbd38ded53a26a151db13f33b7434de390175e09e
2011-08,RS_2011-08.zst,209622064,1448347,1855822299,3fd947ca20ac41df8ba59c4bb9eb03e54633f98a44a6cef50e07940554862d3a,RC_2011-08.bz2,b0a3045e974c2079f745d2b0ccf7e924217edfdfbd9fb682d0ace4a033216577
2011-09,RS_2011-09.zst,214126359,1482575,1893592471,de95fdd679215effc4816f0aac243752f0feac3443791266d2c695abbbb1790a,RC_2011-09.bz2,7823e4b89e034bb4b7dc392b109de86cf1d79192d6587c69c01e15d74928bfe4
2011-10,RS_2011-10.zst,237965612,1590673,2107640011,4c7f38b5752ae6d9d829671ba8216a9d9a63900f5815b3b24806039cc6480ba4,RC_2011-10.bz2,eef6314faf151074ebd3adb00080ff282105faaef3aefb28478f0d3cec7b7449
2011-11,RS_2011-11.zst,246897028,1634431,2122580979,ff0d664410b0e4aba77f0e080505d63d14276fce217c82707506a32f3518ff2f,RC_2011-11.bz2,7e452ce957275ad9bcefe949271ca6f45aa0946ef7c3a708c95bb41b59ea42b6
2011-12,RS_2011-12.zst,264265411,1772219,2248151037,1d34654f88ba1ccd2aefbc367541c1060040b9cd94830c4ddbcdca22a8edbbc5,RC_2011-12.bz2,0759028ab541a84eda857515c921d2a274a6aa76e569a2a138afc58d179e71f6
2012-01,RS_2012-01.zst,299292677,1981577,2528355246,de9c3f17bc696702fb67b99a9b5ca3e5bd3d7a8cfbaa2e7b118a586a00755db5,RC_2012-01.bz2,719667b6dbf4427bc136d27fd348086e2c6ad28092f5a70be0a4b305566225da
2012-02,RS_2012-02.zst,302444843,1961817,2524366637,5f54abb2250180a4822747bd8a24e94d13381b9603819cf0ea30f3794c5a9415,RC_2012-02.bz2,f9f94bf8854863bac92b7adf330a0c90bdd92fc54e34c40e4af3a06695409b72
2012-03,RS_2012-03.zst,330435518,2158965,2749090588,162683610ea86a53932bcbe7f6ac5265fe62fca9c14608b5519408b779623886,RC_2012-03.bz2,6b828962a252d35b92cd5d4abdac5f12488422bff140e5c411cb7e2d00459982
2012-04,RS_2012-04.zst,350117117,2279491,2909558995,6d0bce3ae9c10bd20d8d16b3078e3a17e0603a44eba1cd36ce4ab4d5d19c9b14,RC_2012-04.bz2,a8c360d3755116487584f00eb12860b8bcc505488c42c1e94dc7072c84cb43f1
2012-05,RS_2012-05.zst,365477187,2293901,3178694367,98247cd38ca56b7a56d59561fd801ab2fce2e56c13fc23cb1df6570acd6ce683,RC_2012-05.bz2,4a04edf270969434d49d2756730503675a19ed91a8e5b34e6607291fe0b8bc5b
2012-06,RS_2012-06.zst,382861465,2393973,3238796304,760130e2f75250f0f24079d63036c2d3ee956570599debf5336823e61059af9c,RC_2012-06.bz2,e2f393eb0a4a21382775da314a72dae6c54b882c3a350a0bd518735c0c591f62
2012-07,RS_2012-07.zst,422101267,2663529,3487514017,c2b601dfc5a90f978dc5067c100ef9d68e8e210f4a2b42a21599c2ea0400a86a,RC_2012-07.bz2,117dc52bf40f48b483463dbf3aa0c36b37adda0ec91e8cf4c069c6c1a759acfe
2012-08,RS_2012-08.zst,446070905,2782752,3673990942,828186e6fa459aaf13a071fbc1130162823d8cbe2c9d23be947ad78f90591b3f,RC_2012-08.bz2,caac062060b2477f0a2df553aa038dd0104045de9fa0da165728f32aaac71137
2012-09,RS_2012-09.zst,440335515,2568109,3447754736,aa97212341c18710c1e551c67b642f742e338c2ba5fb090c8896c004e81d5ee6,RC_2012-09.bz2,e6624bf6e4429e9ee506ad9ce9b1b7b5f96932b7dbad54d6abb7b41ad5913596
2012-10,RS_2012-10.zst,467945225,2776156,3682239765,ab66781a270236f6c15ece9bf02e39929a80e0da2608b188ce06269ca17946df,RC_2012-10.bz2,2c41518cee3b86934d552d72479ce78262309f4f8a071756560263ca993378d6
2012-11,RS_2012-11.zst,463025195,2706118,3645396731,aa8d3eb6dbc28ec2831a61dbfe939dadd8a1aa5eb488623240ade5e807a4a00a,RC_2012-11.bz2,35f69efa246f0a2390f327cc6691e195cc9252020b3215a2263b0fdc736de3c4
2012-12,RS_2012-12.zst,465544475,2735743,3663955377,8525cc9341c3e864151461d0778de0bda83e428ee29ab94dce6fc7da741dbe5f,RC_2012-12.bz2,ff2460c9a99e088e66334858d6bbbc01816b6813cc9440ab5c7572db68f1a3b2
2013-01,RS_2013-01.zst,548053284,3134862,4242871615,25f4b15214c2b6e2b64c8638cf4d3cde5287ef5e66f982c09167107600c6b4b6,RC_2013-01.bz2,31ddeff89cd07e523a75ace9f80c3613b9df031cc85329adf2fd044c826459c7
2013-02,RS_2013-02.zst,500010070,2886631,3903932045,82cdd407fd13ea0b825ef0722983fe0d3535b97e753b1700e7ba78e23edcdcc5,RC_2013-02.bz2,5c162d5557ab421822f65236ded180bdda4788c55ead23faf2e027d40caab19d
2013-03,RS_2013-03.zst,560773875,3201525,4373332201,64d571ac9c70a086cd45333a2e5d9e0598c83f93a81e1367d0b1e2c856218647,RC_2013-03.bz2,a56cc096b1bc60ba9f90416ba71feca85177b963ef834df4fa354c5e234ef6ac
2013-04,RS_2013-04.zst,590398173,3376188,4589111719,529498dfd180eb2d99baeadbb6cd597c20dc08311fdd087e7a78d5d836a2a9f0,RC_2013-04.bz2,f7e1c8e7fe1262e689a696a1b148fc63cff261a1b02615d9116a9465aa8286b4
2013-05,RS_2013-05.zst,578626570,3261976,4509759435,b0f489340b4b36c6b08821c9dc03af9a330e72569b9f1ab845a68207773af068,RC_2013-05.bz2,20dc17d2770f5af482459d722988b2ab82bd35a612187b6bd6182039b16765bb
2013-06,RS_2013-06.zst,577426173,3189490,4490909843,d3a423fc0eaee5ddc3b203ef03831cccc37785bbf6dc80e1aeb8514f68254b18,RC_2013-06.bz2,a71afbbe521a7227d4baacab9d0d0a65d168dc35c6a8aa6e1c67784cb10267a0
2013-07,RS_2013-07.zst,619406767,3374406,4783625200,a654c2a089ee7808396b6df2b735ceb28e455a75118f2c69052a62ebbc8a65d1,RC_2013-07.bz2,e175fd3c7090d619fa1ecb29a7aa6999f686fe180ef3971b9cf2e21ee702f2d7
2013-08,RS_2013-08.zst,615047931,3315090,4754436759,02cf3e32167dafd8cc1970df36586848f0a4ebe1a311ecef7a7afc684fb49e55,RC_2013-08.bz2,0db6ca09d0c4d1a81e978d5dca96729399c477d8299dc2596ac1c1dcfaf23808
2013-09,RS_2013-09.zst,588873920,3121163,4722337054,20fc77526498230e1f552088153e6a495ba7f675692f7aeacf84e30676fc6e01,RC_2013-09.bz2,cccc679ed4fd78a7ccc6999435ce0d81278e526bdbd5d1eac365031c8f769d45
2013-10,RS_2013-10.zst,650252980,3467225,5272262818,69f1105e684d46dea88ec75237a6b5559d0cf136e61409090dba62a4ba779bb1,RC_2013-10.bz2,9831b32f7689b3d1541920564db7e06e6bab47336275433242655f48029e8e0b
2013-11,RS_2013-11.zst,673525241,3522378,5468589635,4abf1e316492414ff34fa107bfd1b9287b2a1b9183860b96769cdc9dc59d1879,RC_2013-11.bz2,bd6ce1dba6595ce7a35348ea60941eaddebd794e26ccf57a304aacbe66b72fd2
2013-12,RS_2013-12.zst,721147797,3801410,5971120617,960ff217db8b13e6d6f63ff2f2f7b851fdd822cbed3ecbaecd01b28de448adfe,RC_2013-12.bz2,ee00830c3ccf5150841fec5fc053246d41aa19a6a2dfda3024987a461a7202b7
2014-01,RS_2014-01.zst,773274969,4145541,5903857333,3988fa6512e38463e58f7f8af0d102687f7a6de58be09f8351681c5fea5d750d,RC_2014-01.bz2,e2c3a4ba8b0693586a6398daa98ed342fb3ba8c8ef6fae8bc260a8dae1c1fa16
2014-02,RS_2014-02.zst,744973191,3946491,5691136648,1ccd0efdf0ca70a8be0161d6b156372fd3efa1fbc6c4ec0fac8622540c8f5e79,RC_2014-02.bz2,2b9929e56ca43e3ee2228b3fcaf211f7498176c93817ad511d699e1ec1eed1e0
2014-03,RS_2014-03.zst,795929343,4209109,6008731966,d7db64b94ad8dc6e2f1e32dfe20bc218fa744955ecf72032020cc07532110d31,RC_2014-03.bz2,8ba9872fdd36ea7569122d03d56cbe5e5588f1e96386279aaef3917af1402cf9
2014-04,RS_2014-04.zst,777965345,4115035,5872650152,9289577ba1cc93d2d5ff464e47ba0c3a4ffbf5ecb21cba0cd36156ddd3543c18,RC_2014-04.bz2,d78b027b4ec88679453600f46c62519a37b9dda1e58e700cf245ee17d1f36eb4
2014-05,RS_2014-05.zst,798955455,4162070,6000792034,a32db0501d794fd2e9253bb6182d6b49ada3ecbd5b90f6a95d86e1cc713327ba,RC_2014-05.bz2,864449ea07fdf95c8b9bc51c65674d37cbedeb5d8865f469c5b16e6d1eed580b
2014-06,RS_2014-06.zst,787594127,4092661,5884842319,3c6665583bbe9108eead1bc3cb5b1c9d9b3f778cbbe56fda847bf0c24a1d2705,RC_2014-06.bz2,a6630c30449e0db6a021e7d20dbc831d1fe528d25ad6ec059b7efeb97ebfa599
2014-07,RS_2014-07.zst,871554121,4502441,6509154150,df43d8ecf3f321aa7de81c8e3200982bd59154c3e405f9df77f5f4d37bc5b790,RC_2014-07.bz2,19d47be18b77454e1f152ec3706f1eddb719a78cf99cc3488df7a764db73c400
2014-08,RS_2014-08.zst,895954829,4596551,6655632670,447a7b4630f8ed7f2234a54dc88b57decbb09f2b27a658d5de15d523e045a290,RC_2014-08.bz2,3fb8c5c72dc4c3614744fa51887c197ae4f6f916f16e3813208204d8d2bafacb
2014-09,RS_2014-09.zst,894901429,4567136,6568814314,b65bb630ff7bec4c1230dead7131932e69679ade812bb020f7c789f12a7c2c5b,RC_2014-09.bz2,c41f578a4c4e4bdc88a7ce8b02fcbbf570226618d3c151e98a4074edd0522d6f
2014-10,RS_2014-10.zst,949140558,4831580,6967891932,990abfc9f56451576a95cf86cd67862de8ccb3b5eb16f6ccf28795579c09991e,RC_2014-10.bz2,19ec13ea395ba0c867c17e20acc890b8dc94eefc4a29745e4c778a043ada4b4d
2014-11,RS_2014-11.zst,934425238,4735396,6852078309,dc2f8c92f941a8467730e02b764a4e9ced76c5b870c823386d8aa11baa051a48,RC_2014-11.bz2,5dc290675d44aa7ebe099a53d85fa5324145923439e1ec6c7f087ae1e41715d3
2014-12,RS_2014-12.zst,992312321,4984013,7229662596,29db02b4fc6c34a8ab56c32f690d7fb3027d45f45e73cd25d74e9c7c4f739cd9,RC_2014-12.bz2,7c85d8cd2970bc293d70d1e3b75ad6f0959ad960aab8a73e6f91a1f9b1badf66
2015-01,RS_2015-01.zst,1225153564,5465910,7969025953,cb0c203b894d55a33b7f826742a3702dd35eee58a3da45bf9058c42947f64118,RC_2015-01.bz2,91683336e91d86d3500812d9e0538bb4789b0f009421d028dc921aeeeec57a9a
2015-02,RS_2015-02.zst,1137613565,5069813,7414985006,83482e96393917d826bd0c804442ed0c6f1c130e18aa8ca119aa5a721e65b77c,RC_2015-02.bz2,c1bc441d51e9a735aa0360fc50b91cf93d026498337dfc4e33e5473b8a661c6e
2015-03,RS_2015-03.zst,1428612065,5611145,8858191798,7bc72f4c2aa7a96c3566fa9eeebb2f65061ce1430f4b4e92b5f22dbec0cbc0ab,RC_2015-03.bz2,bc3a6bc3e1ad7511aea534a559ce37789640be1844e1b6e1b66a79982f1b37b8
2015-04,RS_2015-04.zst,1631942933,5605306,9753028358,6dcb3aec7df3013aae7a41f6683616a1cdeab0b59882e36d105588deff77bb9d,RC_2015-04.bz2,ad01fece7f784d15d4c88659d4d972a73588b3dd8e712fe76b72b1970a5e414b
2015-05,RS_2015-05.zst,1686563661,5757886,10164129492,d97d3b32528f61e950828a9c12b58ad8972ea4fe98e4a09385cb56cccddfd880,RC_2015-05.bz2,1b19aa61345260938ca9289483810f64fbc595a6395566b545cca8f6f8bde429
2015-06,RS_2015-06.zst,1863449836,5948530,11639471342,c702b730658e06ced7a8609d4fb08f91f218bd7b686c66e6b5ad947ff0723df0,RC_2015-06.bz2,5babcdc47c15d47e6559f3e9be3e332e66c88d7873ef46cedb1fddbf311e2501
2015-07,RS_2015-07.zst,1800381154,5945498,11019305318,f7a99a8362770aa5df278a37288b62c13c51bc2fbf1af10420f40bf3688521ab,RC_2015-07.bz2,965073149216493f70dc861ca370f7713c07a17e4a3d59f8d3247cde58c12dc6
2015-08,RS_2015-08.zst,1870903530,6173540,11773710351,6bfd28ea6e4616426422d377ca985e5f2efd26ab7376992c618563eb6e985365,RC_2015-08.bz2,ffd8ae06d62821b6a08df354326556e67b2f9352e885d1e47358a0a1f65a9ca9
2015-09,RS_2015-09.zst,1740566154,6176407,11484649321,057c92747756dc0681911e3a398de767a1ba4a2c3638e756dc8b14061d81114e,RC_2015-09.bz2,6fd30cfa05226f806b0d5c03708e63a90960a41c2a33347585785ff77da0c322
2015-10,RS_2015-10.zst,1799638874,6310673,11775071652,a85eace083426aad7e34ccd4871eabad50dd52be083703b2a996baf6ccd7c698,RC_2015-10.bz2,7489137e8e2d6bf6313fb6b3f5784611482fc23ab0137664c31530e181ab9cda
2015-11,RS_2015-11.zst,1725585890,6113675,11235269676,17e6d397613429563bd69798fa654e74b1746be685bc8e033f919720c622d060,RC_2015-11.bz2,ee286bbb2c3544f126ef5fa504b7ef958cedfafcc6874d67ac061050f04e7f41
2015-12,RS_2015-12.zst,1751465547,6322479,11625863993,7e9e1efd5e53b472f2640c13e72865ddbc063fbb47df556a500016e8ba9e4bdf,RC_2015-12.bz2,2069c8b3a53591b1906c6ca520a8165cc8f2be09d99d85cc89348e8eef3dd1a2
2016-01,RS_2016-01.zst,1935424809,6877510,12836188848,c3881eaa2c6363c7c24bca563716c03e40261b0303c91b2f78c996b8ba5f64ec,RC_2016-01.bz2,f0a879c9204ee701e7dbd08e385ab46cf6c12d87029a156595f70473af5bd702
2016-02,RS_2016-02.zst,1922059122,7146932,12783020267,9902ef7636f1d588878a605429857076846e1da3bff3e4527a0f8ac38c436111,RC_2016-02.bz2,46b672931793c2a0d1a2d5f950437e7072e0b1ba0b748a12ec71b4f3bf14ad88
2016-03,RS_2016-03.zst,1962137344,6901239,12741414800,68cafa766f3478d674b455016b3948d92d6772baa3d75069c94e02073925d4d8,RC_2016-03.bz2,d8457a746290e7aadfacbdb17479e1a928db3a5489e328e366c8d8f3ad3e3205
2016-04,RS_2016-04.zst,1946047154,6922510,12058955179,afc9c4ea8bdecc3847fe0887f182759bed389f25644325845095db11e1232b53,RC_2016-04.bz2,bb6c9c753970f997b49a5cb6760ce3d08bc39e0decfd1906f2ec014e5205cecc
2016-05,RS_2016-05.zst,1993839025,7277166,12635338264,f5acbfa12127e1efeca09d4769377cafdda055b4a61b4ea6f1b1b4691c4b7746,RC_2016-05.bz2,d0d3110db7872bec06c5bd3788615da1f97b4837897bee6cd1f85bcf4f6d93db
2016-06,RS_2016-06.zst,2021341225,7188762,12641850009,231cd8967b6eda34f10f3ec00f97a0b6f20bac4628d328b62ce06b71068bba2e,RC_2016-06.bz2,7dd138a8d89f4212b78071e5b8691fbd008a503c23a235b1465ba0dd9809f325
2016-07,RS_2016-07.zst,2083387782,7369835,12894047208,b7589597f225c1e97491576f41501ed5f36317118f6c25285436c8513bc3c7a8,RC_2016-07.bz2,ec494b240763db517d68c4fdd2eeeb5f47c6ceb985f2459b280f9682f42ecf98
2016-08,RS_2016-08.zst,2175420291,7591689,13491810271,adec5cf6488c3a29ba78a0cbf7adf647839940e281efd40fc2f82609eb9d0982,RC_2016-08.bz2,0d64922ea2383bf823abe04f7aefdf4f07981f6c85b497f64cbce7d505ffe55b
2016-09,RS_2016-09.zst,2108814072,7437862,13016898019,a8d3ed6c6d0db57cf3829d96f63d397c0dd820eb06225002be86cf9fedda82ed,RC_2016-09.bz2,d5220d61550f4bb22874b7b2a2712d49c6afea787df28fd6b5a472758b1b8570
2016-10,RS_2016-10.zst,2279544349,8286759,14346991792,64976ff1e5f7422803e1bdc2a63097b3cc956fdd59b421bf01e9280d9d4e8498,RC_2016-10.bz2,2422b0813980ea3f28128fd21316417fa25f805d886333d00b2c3b93f0e24f9b
2016-11,RS_2016-11.zst,2445866736,8660144,15991341374,125d3bb8c43e69d23000f012d72ea45bfeefa0cc35f471b1aadbbbfc480e181a,RC_2016-11.bz2,39d9c25d65c2758a12c1a88704949da68bb8753bc206268b11d58ea8d64baa09
2016-12,RS_2016-12.zst,2530910733,8921474,16469657901,6cdf1b29bc87fb406b06d7c9ae4f49472041841dc8daa90204baa1831411cd6f,RC_2016-12.bz2,8f8a4aadedcc69167f345fe7c3296b25db326654c35df1062633a36d6809903e
2017-01,RS_2017-01.zst,2306318142,9218513,17291472797,a31e1aafac421245211e86b23e9aab37bad2de38bdbd4016e8a320ac0426ce08,RC_2017-01.bz2,d28d446cf4c475d38f9f50f7c0eab5b3edcc4a05a2dcdfba5ce9c12a4362dc08
2017-02,RS_2017-02.zst,2168489971,8588120,16268960910,cefc7b6b877f246462198cf606a26b75fc4d15f2983f0750c0f3d06bc1852ffd,RC_2017-02.bz2,34277008550ef567f280b7e6dc14b9bc0de6535a84eca94dc7f1739a8602fdb5
2017-03,RS_2017-03.zst,2409042860,9616340,18242600309,4eb30d9c8a41dbc1f755f9a9042b25ae0df8b6fa5cc4f6bf215aaa120baa0892,RC_2017-03.bz2,82b5f5ca1f67c42bb3afc43bbe75d7d8a72f2edc39d3d49aa186b78086e50cd3
2017-04,RS_2017-04.zst,2335118029,9211051,18100195306,e29e679e683e06ae33fb33fb7ffb5aaf1ea1029b299a5a5da106aa9d31c4fbae,RC_2017-04.bz2,f56ada969bbd25085763b712ba18696a71fdf4d17df6bfb2104dd6cbcb273bae
2017-05,RS_2017-05.zst,2069370628,9498553,18729504393,0b3a5b3c9da35b00cda078d25af64dffc2459ad987a9f065eb62376eb13e3429,RC_2017-05.bz2,663ca5c895fd97a820f942dfc59877aaeae446b2dadfd53787cdd97e7dcd6d29
2017-06,RS_2017-06.zst,2100828194,9597725,19712021902,a7baf4a138be608fbfbd17e2c71c96b1509f826da6d4f155578a85f2d7d83db6,RC_2017-06.bz2,c363e6a64acde8f41b58197a15cd7faced2ff1be7148fa95ee30ae5d41bfad08
2017-07,RS_2017-07.zst,2216735601,9989122,20743888884,4476031d4cb3a4b19b744676e7a5ec81a818199dc225487b83cf18939c12a6e1,RC_2017-07.bz2,9c74ce27654efc7ec5fbe7b59a2856a7730e66724655b25866b94491f6b2e486
2017-08,RS_2017-08.zst,2316925909,10424133,21613316555,33b69036919109e64c2863320548d38f209b818730287c25eab58719e9269b7e,RC_2017-08.bz2,c9aa021cbef6d9ce84950a930eba5f0ff591aecd92430b23204bf331e0116f08
2017-09,RS_2017-09.zst,2188444871,9787604,20860616221,4ec6be6d6351ba7e489a08531833bc8e93b0ad29e89aca972c8f24af655a332a,RC_2017-09.bz2,bf5fd8c68495f6c9fe1f4438b80fe1b5b77e23d5924e82a51adccf13c4cd0b35
2017-10,RS_2017-10.zst,2297583082,10281718,21972040773,97b6d3a26608845abe6b67563203c9d37af3676935f228367517a7fae43249f9,RC_2017-10.bz2,edca27b6777110d2495bc51b5ba2295671aa18def8fdb0775b6e923b5f00dcd8
2017-11,RS_2017-11.zst,2313597673,10377379,22475953759,33e38a5dc06102cfa787b8f557dafa041829833f944efc371b81b3bbdec3f3c5,RC_2017-11.bz2,ac0eeda5477580769961fb125bfbc7eb6c65b22b9d3d375ae14c86c784b4216b
2017-12,RS_2017-12.zst,2441257829,10567492,23827553791,5286cd9a69de9f11ca5d38ea89ced788c6e1f3d244ce7d9b0392bd2fc80f7d6d,RC_2017-12.xz,803d7cb49b36caf69c5ca37d50203f5b05efa577f7c2a02829e167fc22ba2d13
2018-01,RS_2018-01.zst,2605287865,11306843,25278067691,641b2d9695aeb3b42dc00b5f31aceb2284e82a0ade105b4e754f636754c2fe44,RC_2018-01.xz,759dae66b913e9475bd9dd0e8eb83720a4289443654f4aa7d6f15f0a7e76302a
2018-02,RS_2018-02.zst,2452577588,10567231,24590890657,983bfc6c1e024ee905d23bc1838216ea8427cf18185429b94f8675b993f53b9c,RC_2018-02.xz,bc3b2df649c74f7a452b00a3a41e90e7408c9f5880f56bec6abf1282b803f732
2018-03,RS_2018-03.zst,2811642898,12022694,28256114160,7ad2e2bdf5ae0e73b33aa3f557776af122a078081ce31ef9c48ee95d34d92b9e,RC_2018-03.xz,a63f179e0a195f881b0eca364a052186e689b0fca2c5a13f6cba69a810ad736f
2018-04,RS_2018-04.zst,2978943770,11997150,38670568961,61740e09559f025d48538689cc9798a6a5dc5b0fb9e16a4365d361b0bc39e2d7,RC_2018-04.xz,9a1be99371dcd6de7b134c4936ec305da97971dc78961d5922123ac29ea59819
2018-05,RS_2018-05.zst,3137622254,12079652,39563214202,8b0d141224ff7491be1b6d7e9b2261fb46d6ac5c6e182d1397f561971d3a2b51,RC_2018-05.xz,adb703aaac7fc25adb23c4fa15fc7ebb6ceaff1429907e385635486f2a15870a
2018-06,RS_2018-06.zst,2893282685,11904498,34069837200,ee34b90043411aa360908a75332384b12040c0fc59a6d533c3a3b08b931896f4,null,null
2018-07,RS_2018-07.zst,3230891353,13305762,38152144404,6cc4f80e482060a0e7430cc36acdfc6c159e64cdbefc0bf22f4b17883f5241c6,null,null
2018-08,RS_2018-08.zst,3308084452,13408255,38843845389,a730115a5439497f9594461cb66d123ec9f32256e811a7fc9fa3dd4dbcfffbbe,null,null
2018-09,RS_2018-09.zst,3289690329,13107215,39102109738,cb05c803246d073495e4e48907d640d126e52be2b67bdfd554c60102e1715af4,RC_2018-09.xz,5324affffdc7f39d2bd4e109adffbd3e2b245d9f57cc67759d7e109ea2d9ebb4
2018-10,RS_2018-10.zst,3562104771,13975028,42267180369,563fb28983e5952d42adc4cb4e307e16557f2e9f1094b33b90b5b8033053b47d,RC_2018-10.zst,4d19d79072c30647eab9c5ccca820957e9def48dae2f5e97d10e78b51b10e88a
2018-11,RS_2018-11.zst,3610602522,13862155,41490113653,0aaef5031800d5074840207dca457a63a0d87099ffad9d4cc4c3b38ea468a410,RC_2018-11.zst,99eeef8e839909e1284d453f4cb14a9cb84cbae490515581db948fb7d24ee91a
2018-12,RS_2018-12.zst,3935789251,14894452,45513443166,700a494ef826c1c63e50eaf1d9b0deab3e8f0eade9fffe0036f0239ed53af11d,RC_2018-12.zst,13e307a43a757271027bc59a5fd651407a84eb76f304323f1342383239f60b2c
2019-01,RS_2019-01.zst,4686812440,16445391,50643213381,c4f66d94076c9215fe4e215b8e29cec81690b23824926a8b653026e676ca1c6f,RC_2019-01.zst,9ef8394731dfb97c364f9b49dda5ad3c995bbce0e2e9ba1a32781f119b483bd3
2019-02,RS_2019-02.zst,4540715396,15743620,48528469831,ad99e2b52cb6f88ac0e7e24c22dcddeec48df1daae73a35adeb3e45c7b88bad5,RC_2019-02.zst,6ca141196d5233147cc29b4dacff9d348face52aa6ddeee3bfd616a9256e26d8
2019-03,RS_2019-03.zst,5615097892,18412519,58429744473,49ce772c623416b7f9017c6b37043f0d3a203a614d14a9bf65e2be7f3be0af46,RC_2019-03.zst,de1b672edc07d6cbd1d1209db610e9c3e2827a72fb3f506dec73c7d219969446
2019-04,RS_2019-04.zst,5587265157,18310157,58476465824,3ea6bd4586f323566902b5435d71f872f619dab59768fe91eb88e489e1514a07,RC_2019-04.zst,6038a6cf774aff7c20289dec0ade449967a80a5213dea302482399b90a5b9eb4
2019-05,RS_2019-05.zst,5774775680,19456493,59495720853,1bfad21582551fd9041cd61caa9aaf2a0007abb94cd4031b01d502984a2bdfea,RC_2019-05.zst,a943c6e8fd6072c5a3f35dd6c6895739147eed5c507da06595ca4ee97daa2c49
2019-06,RS_2019-06.zst,5763713327,19731676,60329646300,b382485f3c964df03a51a800971ad246826c443dfb79c63bfaa1b5722dee76f0,null,null
2019-07,RS_2019-07.zst,6252294060,20768578,64594611830,d0b1725ac2c13ee6c03d0453cb1191776d22f2dc0c00ec0fab0f45d6b0c1525e,null,null
2019-08,RS_2019-08.zst,6507012021,21927461,68490475892,b7b59a7b1996ceafb3c0174d9317cb2dbe0b87c57161d9b957dbdafdddd9eef9,null,null
2019-09,RS_2019-09.zst,5756276356,20713273,63727259934,5cdbff0d18b025fd18f536b8880402f202edca0f21f3c42d750e807b0fdb3b9b,null,null
2019-10,RS_2019-10.zst,5841502049,21695713,67735859041,c17da846fe2c83ab79d10d00cf7bae9116f37f8cc697329bd24ef414032eeab6,null,null
2019-11,RS_2019-11.zst,5937769829,21243315,66828204810,3b36d96b0e62aceed01657ddaed0e50b236fd66c2130c202318fc6322cb538d9,null,null
2019-12,RS_2019-12.zst,6497951267,21217847,68294574388,8bdf65da3b63f568a39a0368c0bf0f61e68661883976ce96af323a8474a681d3,null,null
2020-01,RS_2020-01.zst,6962033339,21989643,73187219524,bafff7777b19f0be303b18a5a5403b976e9d3aa1c3aecb98ab0165072ad571bc,null,null
2020-02,RS_2020-02.zst,6889808633,22242008,75651227152,202acb3c0c107e1e7e7a7e1e7e89c48b5884e5d826d7c2406ad0b2a3e1e29070,null,null
2020-03,RS_2020-03.zst,8142373580,26577226,90891854960,710793b630b7d922f077f1732780e0327cdb0a38f3b95bf97f345d1166c60560,null,null
2020-04,RS_2020-04.zst,9156707148,28501627,99896764875,b9fe98290d0cb8c7e83ba1ae01d457cdf0fd0d2c9e6355ae91d3d247a6501a37,null,null
2020-05,RS_2020-05.zst,7058225761,28297185,92367471255,6447ff29e14d48a3aad3f6ae117beee5647b951c78a3cfa5ca708679a08c5280,null,null
2020-06,RS_2020-06.zst,6895830995,27557757,91247685033,f3ad36a85417e4f3cc9c2caa8cbcdb4affbf3b88545795cf6c957858039cac37,null,null
2020-07,RS_2020-07.zst,7304899368,28436736,95666126050,71c3f360253e5844c63582ac8e3312999b87732ee4893f87e597e635f8a00631,null,null
2020-08,RS_2020-08.zst,7593776915,28883496,102826786900,5a5687115b911df9bea9879b9d7ba0dd03d61e4850a6534ccf80db2ccae137b8,null,null
2020-09,RS_2020-09.zst,7373593843,27814712,107670411857,190b1adf53579853fa9941e6a4e6c47c4f493f37b79c8d1c9a7729e2ab064b9e,null,null
2020-10,RS_2020-10.zst,7680855094,28659441,109165852987,cb8aa6744a7043b877e4bacfd4563d7bef91941d50eedc77c8b66d2dc5956583,null,null
2020-11,RS_2020-11.zst,7571720367,28002626,106239218414,e23f5b33ceead67db68322d3606c7fd96aba8abf0c08b9edbbbc08e04b7cf80b,null,null
2020-12,RS_2020-12.zst,8133875307,29695450,113934306119,3db982dc815cd59a23897ec969529c7b1ecd6da74c26f5014f8478d256d10770,null,null
2021-01,RS_2021-01.zst,8698915333,32704571,124211250949,ab2739c98700e84b120a84eb552428e3c31ef3b23c0a95d0b4b5418133543009,null,null
2021-02,RS_2021-02.zst,8365826778,31147947,118661271637,d79bb6e1e3f4fc1b1015f9077864d672274d3936f1ee88929600c683fed3866f,null,null
2021-03,RS_2021-03.zst,9182807134,33006103,127394412634,0a9ea2ecb05df5a84937518c955fc2aeae34939b7dada553a0729ca052c18db4,null,null
2021-04,RS_2021-04.zst,8967437476,31616206,123252224120,026c745f82a9c1727622d5aafc087938de7b78453a1cc8878c113611e3683973,null,null
2021-05,RS_2021-05.zst,9737265467,36310673,139106256148,83f639f0489115621c50c0ffa0fa571377d1377d74dbe25cc0461de9c82374fc,null,null
2021-06,RS_2021-06.zst,9458808322,34118481,133880853093,54304d885fef3f7a44d8af603d7b941593703f79ce87bb1594fa4815be9fd1a7,null,null